description_clean,size,color,season,year,brand,material,category,subcategory,features
do you carry style pants for fall 2025,,,fall,2025,style,,bottoms,pants,
looking for green boots size l,l,green,,,,,footwear,boots,
searching for the modern blazer finished in dark grey xxl size,xxl,grey,,,modern,,outerwear,blazer,
need blue sundress that is breathable and flexible for fall 2024 size m,m,blue,fall,2024,,,tops,blouse,breathable
looking for beige gown size l,l,beige,,,,,dresses,gown,
do you have any footwear options suitable for fall 2025,,,fall,2025,,,footwear,,
looking for naavy santals by lite size l please,l,navy,,,elite,,footwear,sandals,
need essetnials burundy boluse sz xs asap,xs,burgundy,,,essential,,tops,blouse,
white polo from alpine size m,m,white,,,alpine,,tops,polo,
after black option in xs preferably coat,xs,black,,,,,outerwear,coat,
good afternoon do you happen to have the olive gown from urban in size xs thanks in advance,xs,olive,,,urban,,dresses,gown,
do you stock nordics sleeveless layer in that maroon i need xs,xs,maroon,,,nordic,,outerwear,blazer,
do you stock elites pumps in that olive tone i need xl,xl,olive,,,elite,,,,
looking for brown outerwear for fall 2025,,brown,fall,2025,,,outerwear,,
nordic vest in green size m,m,green,,,nordic,,outerwear,vest,
looking for charcoal parka size xl,xl,charcoal,,,,,outerwear,parka,
comfort coat in beige size xxl,xxl,beige,,,comfort,,outerwear,coat,
do you stock urbans vest in that deep navy i need xl,xl,navy,,,urban,,outerwear,vest,
searching for the premium ankle boots finished in ecru xxl size,xxl,ecru,,,premium,,footwear,boots,
hello im checking if you carry the charcoal turtleneck from comfort in size xl appreciate your help,xl,charcoal,,,comfort,,tops,turtleneck,
looking for style heels white s,s,white,,,style,,footwear,heels,
looking for biege parrka by elife size s please,s,beige,,,,,outerwear,parka,
tan parka from premium size xxl,xxl,tan,,,premium,,outerwear,parka,
do you stock classics lightweight dress in that navy blue i need s,s,navy,,,classic,,dresses,dress,
need size xxl vest this season any brand works,xxl,,,,,,outerwear,vest,
need black sneakers that are wellventilated and sweatwicking for fall 2024 size xl,xl,black,fall,2024,,,footwear,sneakers,
hi there could you help me find the olive sandals from nordic in size m thanks in advance,m,olive,,,nordic,,footwear,sandals,
do you have the norddic turleneck in burguundy size xs,xs,burgundy,,,nordic,,tops,turtleneck,
do you have the clssic patns in chaarcoal size xl,xl,charcoal,,,classic,,bottoms,pants,
want sundress with moisturewicking performance red in xs for spring 2025,xs,red,spring,2025,,,dresses,sundress,moisture-wicking
need alpine parka gray size l,l,gray,,,alpine,,outerwear,parka,
looking for urban turtleneck brown xl,xl,brown,,,urban,,tops,turtleneck,
do you stock urbans jeans in that midnight blue i need m,m,blue,,,urban,,bottoms,jeans,
i want comforts midnight blue dress in xxl please,xxl,blue,,,comfort,,dresses,blouse,
good afternoon im checking if you carry the olive cardigan from modern in size xs let me know whats possible,xs,olive,,,modern,,outerwear,cardigan,
searching for versatile footwear preferably l,l,,,,,,footwear,,
looking for green pants size xxl,xxl,green,,,,,bottoms,pants,
urban gown in gray size xs,xs,gray,,,urban,,dresses,gown,
need something leather in a dresses style s size,s,,,,style,leather,dresses,sweater,
hello im checking if you carry the green coat from classic in size m thanks so much,m,green,,,classic,,outerwear,coat,
need something denim in a bottoms style l size,l,,,,style,denim,bottoms,,
hi im checking if you carry the brown leggings from urban in size xxl thanks in advance,xxl,brown,,,urban,,bottoms,leggings,
need premiuums redd boluse sz s asap,s,red,,,premium,,tops,blouse,
searching for the nordic day dress finished in olive tone l size,l,olive,,,nordic,,dresses,dress,
looking for the sage opentoe shoes from essential in l,l,sage,,,essential,,bottoms,shorts,
do you stock styles polo shirt in that navy blue i need m,m,navy,,,style,,tops,polo,
i want urbans sage green bermuda shorts in xs please,xs,sage,,,urban,,bottoms,shorts,
need comfort loafers tan size m,m,tan,,,comfort,,footwear,loafers,
need navy dress that is stretchy for winter 2025 size xs,xs,navy,winter,2025,,,dresses,dress,stretch
white heels from essential size m,m,white,,,essential,,footwear,heels,
good afternoon could you help me find the gray blazer from essential in size xl thanks in advance,xl,gray,,,essential,,outerwear,blazer,
need classic sundress red size xs,xs,red,,,classic,,dresses,sundress,
i want alpines sage sandals in xl please,xl,sage,,,alpine,,footwear,sandals,
need brown boots that are stretchy for spring 2025 size xl,xl,brown,spring,2025,,,footwear,boots,stretch
alpine skirt in blue size s,s,blue,,,alpine,,bottoms,skirt,
looking for blak shirth by esesntial size s please,s,black,,,essential,,tops,shirt,
do you carry urban sneakers for spring 2025,,,spring,2025,urban,,footwear,sneakers,
need nordic heels beige size s,s,beige,,,nordic,,footwear,heels,
hey team do you happen to have the burgundy dress from style in size xxl appreciate your help,xxl,burgundy,,,style,,dresses,dress,
alpine jeans in tan size s,s,tan,,,alpine,,bottoms,jeans,
want sneakers with thermal performance red in xxl for winter 2025,xxl,red,winter,2025,,,footwear,sneakers,
good afternoon do you happen to have the tan tshirt from nordic in size l appreciate your help,l,tan,,,nordic,,tops,t-shirt,
after brown option in xs preferably sundress,xs,brown,,,,,dresses,sundress,
need style parka gray size s,s,gray,,,style,,outerwear,parka,
searching for versatile outerwear preferably s,s,,,,,,outerwear,,
need urban gown black size xl,xl,black,,,urban,,dresses,gown,
want cream option in outerwear open to suggestions,,cream,,,,,outerwear,,
do you have the alpien turtleneckx in grmy size l,l,gray,,,alpine,,tops,turtleneck,
looking for the crimson slipons from urban in xs,xs,,,,urban,,,,
do you have any outerwear options suitable for winter 2025,,white,winter,2025,,,outerwear,,
do you stock comforts turtleneck in that cedar brown i need xl,xl,brown,,,comfort,,tops,turtleneck,
beige sandals from classic size xl,xl,beige,,,classic,,footwear,sandals,
looking for highstretch olive tshirt in l ideally cashmere,l,olive,,,,cashmere,tops,t-shirt,stretch
need modern jeans green size xxl,xxl,green,,,modern,,bottoms,jeans,
hi im checking if you carry the red sneakers from style in size s thanks in advance,s,red,,,style,,footwear,sneakers,
i want classics dark grey denim pants in l please,l,grey,,,classic,denim,bottoms,pants,
classic jacket in burgundy size l,l,burgundy,,,classic,,outerwear,jacket,
searching for versatile tops preferably m,m,,,,,,tops,,
searching for the modern pumps finished in khaki xs size,xs,khaki,,,modern,,,,
looking for the dark black skirt from classic in xl,xl,black,,,classic,,bottoms,skirt,
after brown option in xl preferably polo,xl,brown,,,,,tops,polo,
do you stock styles skirt in that offwhite i need s,s,white,,,style,,bottoms,skirt,
need something wool in a tops style s size,s,,,,style,wool,tops,,
good afternoon could you help me find the red boots from comfort in size xs appreciate your help,xs,red,,,comfort,,footwear,boots,
style jeans in brown size m,m,brown,,,style,,bottoms,jeans,
do you have the prrmium tshirrt in urgundy size xs,xs,burgundy,,,premium,,tops,t-shirt,
do you carry essential skirt for fall 2025,,,fall,2025,essential,,bottoms,skirt,
need nordic cardigan burgundy size l,l,burgundy,,,nordic,,outerwear,cardigan,
hey team im checking if you carry the gray cardigan from nordic in size s let me know whats possible,s,gray,,,nordic,,outerwear,cardigan,
hello could you help me find the cream shirt from style in size s thanks so much,s,cream,,,style,,tops,shirt,
hello im hoping to order the cream skirt from urban in size xxl let me know whats possible,xxl,cream,,,urban,,bottoms,skirt,
looking for urban jacket gray l,l,gray,,,urban,,outerwear,jacket,
after black option in xxl preferably shorts,xxl,black,,,,,bottoms,shorts,
elite shorts in burgundy size xxl,xxl,burgundy,,,elite,,bottoms,shorts,
nordic sundress in burgundy size s,s,burgundy,,,nordic,,dresses,sundress,
do you have the elste ylazer in nayv size xl,xl,navy,,,elite,,outerwear,blazer,
need size xl shorts this season any brand works,xl,,,,,,bottoms,shorts,
do you stock premiums sleeveless layer in that slate i need l,l,,,,premium,,outerwear,blazer,
searching for the nordic athletic shoes finished in noir xxl size,xxl,,,,nordic,,bottoms,shorts,
searching for the alpine silky top finished in maroon xl size,xl,maroon,,,alpine,silk,tops,,
do you have the apline jeaans in blcak size s,s,black,,,alpine,,bottoms,jeans,
need black tshirt that is quickdrying and sweatwicking for summer 2025 size m,m,black,summer,2025,,,tops,t-shirt,quick-dry
need nordic loafers blue size xl,xl,blue,,,nordic,,footwear,loafers,
need tan turtleneck that is fastdrying for spring 2025 size xs,xs,tan,spring,2025,,,tops,turtleneck,
looking for alpine sneakers blue s,s,blue,,,alpine,,footwear,sneakers,
want gown with airy and noiron performance navy in m for winter 2025,m,navy,winter,2025,,,dresses,gown,
do you have the leite doafers in oliev size xxl,xxl,olive,,,elite,,footwear,loafers,
i want essentials ecru gown in s please,s,ecru,,,essential,,dresses,gown,
do you have the alpne skiirt in uream size l,l,cream,,,alpine,,bottoms,skirt,
do you carry premium jeans for spring 2025,,,spring,2025,premium,,bottoms,jeans,
urban shirt in navy size xl,xl,navy,,,urban,,tops,shirt,
do you have the wodern turtleneeck in rgay size xxl,xxl,gray,,,modern,,tops,turtleneck,
need something cotton in a outerwear style xl size,xl,,,,style,cotton,outerwear,,
need beige blazer that is highstretch for summer 2025 size xs,xs,beige,summer,2025,,,outerwear,blazer,stretch
i want elites emerald sandals in xs please,xs,emerald,,,elite,,footwear,sandals,
hello do you happen to have the charcoal shorts from comfort in size s thanks so much,s,charcoal,,,comfort,,bottoms,shorts,
looking for nnavy boost by ordic size s please,s,navy,,,nordic,,footwear,boots,
want boots with sweatwicking performance green in xxl for winter 2024,xxl,green,winter,2024,,,footwear,boots,
want gown with sweatwicking and stretchy performance white in s for spring 2024,s,white,spring,2024,,,dresses,gown,stretch
looking for essential gown beige m,m,beige,,,essential,,dresses,gown,
looking for the cobalt sandals from premium in xxl,xxl,sand,,,premium,,outerwear,coat,
need comfort jacket cream size xxl,xxl,cream,,,comfort,,outerwear,jacket,
looking for heatretaining brown sandals in m ideally nylon,m,brown,,,,nylon,footwear,sandals,
looking for essential shorts green l,l,green,,,essential,,bottoms,shorts,
good afternoon do you happen to have the red dress from style in size l thanks in advance,l,red,,,style,,dresses,dress,
after black option in xxl preferably jacket,xxl,black,,,,,outerwear,jacket,
want burgundy option in tops open to suggestions,,burgundy,,,,,tops,,
after tan option in xs preferably shirt,xs,tan,,,,,tops,shirt,
do you carry modern jeans for spring 2025,,,spring,2025,modern,,bottoms,jeans,
searching for the elite shirt finished in cedar brown xxl size,xxl,brown,,,elite,,tops,shirt,
looking for the eggshell shirt from premium in l,l,,,,premium,,tops,shirt,
i want styles offwhite turtleneck in xxl please,xxl,white,,,style,,tops,turtleneck,
after black option in xxl preferably pants,xxl,black,,,,,bottoms,pants,
hi there do you happen to have the brown jeans from urban in size xl thanks so much,xl,brown,,,urban,,bottoms,jeans,
good afternoon im checking if you carry the blue turtleneck from urban in size l let me know whats possible,l,blue,,,urban,,tops,blouse,
hey team im hoping to order the blue sandals from modern in size xl thanks so much,xl,blue,,,modern,,tops,blouse,
do you have any tops options suitable for winter 2025,,white,winter,2025,,,tops,,
after charcoal option in m preferably blouse,m,charcoal,,,,,tops,blouse,
want jeans with breathable performance gray in xxl for fall 2024,xxl,gray,fall,2024,,,bottoms,jeans,breathable
looking for wellventilated brown tshirt in l ideally cotton,l,brown,,,,cotton,tops,t-shirt,
good afternoon im hoping to order the white tshirt from nordic in size l thanks in advance,l,white,,,nordic,,tops,t-shirt,
want polo with airy performance blue in m for summer 2024,m,blue,summer,2024,,,tops,polo,
nordic gown in olive size xs,xs,olive,,,nordic,,dresses,gown,
do you carry essential parka for winter 2024,,white,winter,2024,essential,,outerwear,parka,
want polo with moisturewicking performance white in l for spring 2025,l,white,spring,2025,,,tops,polo,moisture-wicking
need comfort jacket gray size m,m,gray,,,comfort,,outerwear,jacket,
do you have the lassic blaer in oilve size m,m,olive,,,classic,,outerwear,blazer,
i want elites noir skirt in xxl please,xxl,,,,elite,,bottoms,skirt,
need size xxl turtleneck this season any brand works,xxl,,,,,,tops,turtleneck,
need green jeans that are wellventilated for fall 2024 size m,m,green,fall,2024,,,bottoms,jeans,
do you have the prremium jackt in lue size xs,xs,blue,,,premium,,outerwear,jacket,
searching for the alpine skirt finished in ecru xxl size,xxl,ecru,,,alpine,,bottoms,skirt,
looking for classic shirt charcoal xxl,xxl,charcoal,,,classic,,tops,shirt,
need green sweater that is flexible for winter 2025 size xl,xl,green,winter,2025,,,tops,sweater,
searching for versatile outerwear preferably xs,xs,,,,,,outerwear,,
need comfforts phite yress sz xxl asap,xxl,white,,,comfort,,dresses,dress,
hi could you help me find the blue vest from elite in size xl let me know whats possible,xl,blue,,,elite,,tops,blouse,
nordic jacket in blue size m,m,blue,,,nordic,,outerwear,jacket,
do you have the elitte dresss in brwn size xxl,xxl,brown,,,elite,,dresses,dress,
after gray option in s preferably jeans,s,gray,,,,,bottoms,jeans,
do you carry urban parka for winter 2024,,white,winter,2024,urban,,outerwear,parka,
need cream blazer that is waterproof for winter 2025 size xxl,xxl,cream,winter,2025,,,outerwear,blazer,waterproof
looking for wrinklefree and highstretch brown pants in m ideally linen,m,brown,,,,linen,bottoms,pants,wrinkle-free
looking for the olive tone outerwear piece from urban in m,m,olive,,,urban,,outerwear,,
do you carry elite vest for fall 2025,,,fall,2025,elite,,outerwear,vest,
need size xs boots this season any brand works,xs,,,,,,footwear,boots,
need stmles ggray sandzls sz m asap,m,gray,,,,,footwear,sandals,
looking for the camel rollneck from classic in s,s,,,,classic,,,,
green dress from comfort size m,m,green,,,comfort,,dresses,dress,
do you have the prmeium pollo in charrcoal size l,l,charcoal,,,premium,,tops,polo,
looking for olive boots size xl,xl,olive,,,,,footwear,boots,
do you carry alpine blouse for winter 2025,,blue,winter,2025,alpine,,tops,blouse,
need size xs sneakers this season any brand works,xs,,,,,,footwear,sneakers,
hello do you happen to have the blue coat from classic in size s let me know whats possible,s,blue,,,classic,,tops,blouse,
need urban jeans red size xl,xl,red,,,urban,,bottoms,jeans,
white sandals from nordic size m,m,white,,,nordic,,footwear,sandals,
looking for creaseresistant white sundress in l ideally silk,l,white,,,,silk,dresses,sundress,
looking for the cobalt knit sweater from nordic in l,l,,,,nordic,,outerwear,coat,
looking for ccharcoal sundrhss by nrdic size xxl please,xxl,charcoal,,,nordic,,dresses,sundress,
do you have the commfort yoots in bnack size xl,xl,black,,,comfort,,footwear,boots,
need essential leggings red size s,s,red,,,essential,,bottoms,leggings,
good afternoon im hoping to order the burgundy gown from nordic in size s thanks so much,s,burgundy,,,nordic,,dresses,gown,
do you carry essential parka for winter 2025,,white,winter,2025,essential,,outerwear,parka,
good afternoon im checking if you carry the beige skirt from modern in size xs appreciate your help,xs,beige,,,modern,,bottoms,skirt,
looking for heatretaining gray sneakers in xs ideally nylon,xs,gray,,,,nylon,footwear,sneakers,
searching for versatile outerwear preferably m,m,,,,,,outerwear,,
do you stock premiums knit jumper in that olive tone i need s,s,olive,,,premium,,,,
do you stock premiums formal dress in that ruby red i need s,s,red,,,premium,,dresses,dress,
do you have the uran blose in oolive size xs,xs,olive,,,urban,,tops,blouse,
do you carry essential jacket for winter 2025,,white,winter,2025,essential,,outerwear,jacket,
need size xxl dress this season any brand works,xxl,,,,,,dresses,dress,
looking for creeam veyt by pemium size xs please,xs,cream,,,premium,,outerwear,vest,
do you stock urbans bermuda shorts in that deep wine i need s,s,,,,urban,,bottoms,shorts,
do you have the noordic bloume in meige size xxl,xxl,blue,,,nordic,,tops,blouse,
do you stock elites silky top in that navy blue i need s,s,navy,,,elite,silk,tops,blouse,
i want essentials wine red slipons in xl please,xl,red,,,essential,,,,
do you stock moderns long coat in that sage green i need xl,xl,sage,,,modern,,outerwear,coat,
charcoal leggings from modern size l,l,charcoal,,,modern,,bottoms,leggings,
searching for versatile dresses preferably s,s,,,,,,dresses,dress,
need size xl gown this season any brand works,xl,,,,,,dresses,gown,
looking for rainready black coat in xxl ideally denim,xxl,black,,,,denim,outerwear,coat,
need size m blazer this season any brand works,m,,,,,,outerwear,blazer,
hi there im checking if you carry the beige sweater from urban in size xs let me know whats possible,xs,beige,,,urban,,tops,sweater,
hey team im checking if you carry the cream boots from nordic in size l let me know whats possible,l,cream,,,nordic,,footwear,boots,
looking for charcoal outerwear for fall 2024,,charcoal,fall,2024,,,outerwear,,
looking for the army green slipons from modern in s,s,green,,,modern,,,,
after charcoal option in l preferably heels,l,charcoal,,,,,footwear,heels,
looking for style gown beige xs,xs,beige,,,style,,dresses,gown,
looking for quickdry green cardigan in xl ideally denim,xl,green,,,,denim,outerwear,cardigan,quick-dry
looking for nordic gown cream s,s,cream,,,nordic,,dresses,gown,
looking for the deep blue leggings from alpine in xs,xs,blue,,,alpine,,tops,blouse,
do you carry classic skirt for winter 2025,,white,winter,2025,classic,,bottoms,skirt,
need something leather in a dresses style xxl size,xxl,,,,style,leather,dresses,sweater,
searching for the modern vest finished in soft ivory xl size,xl,ivory,,,modern,,outerwear,vest,
searching for the nordic loafers finished in chocolate m size,m,chocolate,,,nordic,,footwear,loafers,
need alpine gown green size xl,xl,green,,,alpine,,dresses,gown,
looking for premium pants navy xs,xs,navy,,,premium,,bottoms,pants,
after navy option in m preferably tshirt,m,navy,,,,,tops,t-shirt,
after tan option in s preferably shirt,s,tan,,,,,tops,shirt,
gray sweater from elite size xxl,xxl,gray,,,elite,,tops,sweater,
do you stock elites dressy top in that sage green i need l,l,sage,,,elite,,dresses,dress,
do you have any dresses options suitable for winter 2024,,white,winter,2024,,,dresses,dress,
blue sweater from modern size m,m,blue,,,modern,,tops,blouse,
need charcoal boots that are quickdrying and waterproof for winter 2024 size xl,xl,charcoal,winter,2024,,,footwear,boots,waterproof
need classic vest tan size l,l,tan,,,classic,,outerwear,vest,
do you stock classics aline skirt in that sage green i need xxl,xxl,sage,,,classic,linen,bottoms,skirt,
good afternoon could you help me find the gray heels from essential in size m appreciate your help,m,gray,,,essential,,footwear,heels,
want jacket with uvprotective performance red in xxl for fall 2024,xxl,red,fall,2024,,,outerwear,jacket,uv-protection
looking for nevy poolo by aodern size s please,s,navy,,,modern,,tops,polo,
good afternoon im checking if you carry the navy sandals from classic in size s thanks so much,s,navy,,,classic,,footwear,sandals,
looking for bevge snakers by classzc size s please,s,beige,,,classic,,footwear,sneakers,
after white option in xs preferably heels,xs,white,,,,,footwear,heels,
good afternoon could you help me find the cream cardigan from elite in size xs appreciate your help,xs,cream,,,elite,,outerwear,cardigan,
do you have the eliite blose in oliev size m,m,olive,,,elite,,tops,blouse,
need norrdics whie gmwn sz xl asap,xl,white,,,nordic,,dresses,gown,
looking for the soft ivory day dress from elite in xs,xs,ivory,,,elite,,dresses,dress,
do you carry elite jacket for summer 2024,,,summer,2024,elite,,outerwear,jacket,
looking for style jacket tan xxl,xxl,tan,,,style,,outerwear,jacket,
want dress with sweatwicking performance gray in m for winter 2024,m,gray,winter,2024,,,dresses,dress,
i want comforts maroon blazer in m please,m,maroon,,,comfort,,outerwear,blazer,
do you stock alpines weather boots in that emerald i need xxl,xxl,emerald,,,alpine,leather,tops,sweater,
searching for the alpine coldweather coat finished in khaki l size,l,khaki,,,alpine,leather,outerwear,coat,
good afternoon im checking if you carry the olive sneakers from elite in size xl thanks so much,xl,olive,,,elite,,footwear,sneakers,
want cream option in dresses open to suggestions,,cream,,,,,dresses,dress,
do you carry essential dress for spring 2024,,,spring,2024,essential,,dresses,dress,
need classic blouse cream size s,s,cream,,,classic,,tops,blouse,
charcoal sandals from modern size m,m,charcoal,,,modern,,footwear,sandals,
do you stock alpines tshirt in that charcoal tone i need xs,xs,charcoal,,,alpine,,tops,t-shirt,
looking for elite sundress red l,l,red,,,elite,,dresses,sundress,
looking for keepsdry charcoal dress in m ideally wool,m,charcoal,,,,wool,dresses,dress,
